age,claim_status
16-25,71.82539682539682
26-39,33.692458374142994
40-64,15.591948140566359
65+,9.849246231155778
