driving_experience,claim_status
0-9y,62.804532577903686
10-19y,23.85571385268263
20-29y,5.143935818782444
30y+,1.9011406844106464
