vehicle_year,claim_status
after 2015,10.649521925486317
before 2015,40.332998421128174
