gender,claim_status
female,26.367265469061874
male,36.312625250501
