vehicle_ownership,claim_status
leased,57.98679867986799
owned,19.741750358680058
