claim_status,speeding_violations
claim,0.5142036386849664
no claim,1.9248580166011358
