outcome,speeding_violations
0.0,1.9248580166011358
1.0,0.5142036386849664
